{
    "name": "sl",
    "experiments": {
        "1": {
            "4": {
                "0_1": [
                    -3.993491225622334,
                    -3.984444213179829,
                    -3.9672270138295196,
                    -3.968789846488983,
                    -3.981186639832556,
                    -3.9666003439731705,
                    -3.955138859659066,
                    -3.9525100906022574,
                    -3.9304379074125384,
                    -3.922698876196091,
                    -3.926972867069226,
                    -3.938170535326639,
                    -3.9506159937680483,
                    -3.9602055793627464,
                    -3.9689405375375464,
                    -3.9947185252388207,
                    -4.0069915214036875,
                    -4.024989496753494,
                    -4.030917247179419,
                    -4.027101305867498,
                    -4.015814418264052,
                    -4.015819967792752,
                    -4.016818456072043,
                    -4.002326929087392,
                    -3.9902789022783125,
                    -3.964388643342556,
                    -3.9519854466966358,
                    -3.9369987309971584,
                    -3.925451442431606,
                    -3.9285583247303153,
                    -3.9300656621027725,
                    -3.9107229932601193,
                    -3.8961717021202307,
                    -3.8850005008458517,
                    -3.8778236795754606,
                    -3.886433986797908,
                    -3.8808298165839124,
                    -3.8915331499001455,
                    -3.899649122181413,
                    -3.915781175227337,
                    -3.9206519538792026,
                    -3.9238651309968704,
                    -3.917986899442428,
                    -3.9283205487698343,
                    -3.9408069883462638,
                    -3.9432688446552304,
                    -3.947902701120261,
                    -3.9427920120737987,
                    -3.930162565411622,
                    -3.922543916279296
                ],
                "5": [
                    -3.2204075132345666,
                    -3.225566440492042,
                    -3.2556497952479515,
                    -3.2727158766628746,
                    -3.2767348026591927,
                    -3.275680392206072,
                    -3.2869604496203477,
                    -3.2981331449986078,
                    -3.30122401904145,
                    -3.285545319801686,
                    -3.2894065111168587,
                    -3.2893290311584615,
                    -3.271594231535112,
                    -3.2711942385818427,
                    -3.2561195841968016,
                    -3.27238610659201,
                    -3.269559902379506,
                    -3.2555439273158164,
                    -3.2367173646423226,
                    -3.241586222303484,
                    -3.2163937098801263,
                    -3.2017455154313876,
                    -3.2042936028786255,
                    -3.1962213864967284,
                    -3.184333015359498,
                    -3.1777890538043914,
                    -3.172102707876944,
                    -3.180405443143329,
                    -3.186835639360073,
                    -3.174446743422728,
                    -3.1630121529784803,
                    -3.1544522184011616,
                    -3.1293538345223038
                ],
                "10": [
                    -1.5558202963417609,
                    -1.5547526523971233,
                    -1.5539384725037166,
                    -1.5877603953348562,
                    -1.6184290119252713,
                    -1.640153282354143,
                    -1.7327645643622864,
                    -1.6923057253703042,
                    -1.6116904967005248,
                    -1.6018305850250825,
                    -1.5664800872020352,
                    -1.5507526161427287,
                    -1.5904795576764617,
                    -1.6023231056972638,
                    -1.6199462744163662,
                    -1.6453161583147322,
                    -1.6641220169773046,
                    -1.6910135389567025,
                    -1.6802591926651058,
                    -1.6558872634375021,
                    -1.6676721145201243,
                    -1.6958509137146582,
                    -1.6088314222026396
                ],
                "15": [
                    1.5801296866497767,
                    1.5962978116322548,
                    1.5966876660234743,
                    1.587151974890196,
                    1.613823329990567,
                    1.5624894424577493,
                    1.5599676085501337,
                    1.5856709977790668,
                    1.592911745351221,
                    1.5454852596321795,
                    1.445821807305998,
                    1.4388046417074563,
                    1.3306112436032809,
                    1.2911436358145967,
                    1.218891867061792,
                    1.268415861186262,
                    1.1919565891830237,
                    1.1989622288373412,
                    1.2057201674125397,
                    1.2049195411757674,
                    1.2895923290993576,
                    1.3340957072970452,
                    1.4900435469221283,
                    1.5920701379794284,
                    1.5029171728471329,
                    1.537119665281089,
                    1.6091583107874483,
                    1.5763434139720625,
                    1.6283308652310857,
                    1.6164575418543705,
                    1.63131821921932,
                    1.5980026908821134,
                    1.5514834463839202,
                    1.4453341958322825,
                    1.4404734490207607,
                    1.3512164302253282,
                    1.2729285885152306,
                    1.225134553241478,
                    1.34168073909205,
                    1.3742958528742129,
                    1.4108629781431687,
                    1.401246498678614
                ],