{
    "name": "sl",
    "experiments": {
        "2": {
            "2": {
                "0_1": [
                    -5.142592860075171,
                    -5.147631405248524,
                    -5.136806836074523,
                    -5.127419167947164,
                    -5.138401258358899,
                    -5.12848382368404,
                    -5.12092195049919,
                    -5.113244390985272,
                    -5.096863889808289,
                    -5.06752225090756,
                    -5.059536052220523,
                    -5.025133243144815,
                    -4.994963870694045,
                    -4.988422683903289,
                    -4.965408788381754,
                    -4.977703128887777,
                    -4.984066730760113,
                    -4.9716567039250235,
                    -4.969866767475657,
                    -4.965432267157026,
                    -4.961993693796748,
                    -4.9533180728903625,
                    -4.944421324609597,
                    -4.949158060799001,
                    -4.9419940461333045
                ],
                "5": [
                    -4.188517885861939,
                    -4.195780084496955,
                    -4.209344840188601,
                    -4.230998674291657,
                    -4.253175017866218,
                    -4.24815354816579,
                    -4.209877168057039,
                    -4.213244878204678,
                    -4.214839300489053,
                    -4.217113326595844,
                    -4.23172566255144,
                    -4.24388852191594,
                    -4.246561687202354,
                    -4.244433656389072,
                    -4.255347018022283,
                    -4.2695947926309294,
                    -4.290899860199492,
                    -4.305899809390486,
                    -4.288902883640909,
                    -4.295179827488151,
                    -4.286140925895285,
                    -4.283147595491528,
                    -4.286072624003586,
                    -4.286026520226688,
                    -4.289585475671087,
                    -4.297000926675605,
                    -4.3094941964412055,
                    -4.638701630473004,
                    -3.9939817185821056,
                    -4.3063864603688495,
                    -4.284241279532376,
                    -4.472652047787177,
                    -4.541409000840757,
                    -4.29040253705055,
                    -4.3063249886663195,
                    -4.319741187743517,
                    -4.337439061656666,
                    -4.347647206258073,
                    -4.362723141303584,
                    -4.333258985884618,
                    -4.340205288270521,
                    -4.335525754915416,
                    -4.31350864012588,
                    -4.302640955382744,
                    -4.270358066270679,
                    -4.2673314386947165,
                    -4.2656960352753215,
                    -4.272364434339369,
                    -4.280322031609257,
                    -4.2979306861763735
                ],
                "10": [
                    -2.794422488522623,
                    -2.8243922913835813,
                    -2.8114268847916044,
                    -2.8147235182831936,
                    -2.818606907713169,
                    -2.8345504902266825,
                    -2.8172333993597616,
                    -2.8059904810990974,
                    -2.7685083239247716,
                    -2.771383193235112,
                    -2.738355173173281,
                    -2.697768908464596,
                    -2.6799995310085727,
                    -2.6244239892794714,
                    -2.623182815841233,
                    -2.621379219013527,
                    -2.643492596781678,
                    -2.6299532408560085,
                    -2.6214178522710196,
                    -2.6086656756471944,
                    -2.642321646225844,
                    -2.6355894275817384,
                    -2.6259992016568057,
                    -2.6555707191117874,
                    -2.6496658071309,
                    -2.6820266030881856,
                    -2.6673626138269912,
                    -2.693891922336967,
                    -2.7055815776580325,
                    -2.6937177525131317,
                    -2.673728990463678,
                    -2.710880950680316,
                    -2.698992579543086,
                    -2.7161734935134296,
                    -2.733643196419618,
                    -2.7296936395320586,
                    -2.748510597252032,
                    -2.709329643965077,
                    -2.7260362866749284,
                    -2.727232210109915,
                    -2.7429454871823524,
                    -2.725986127473211,
                    -2.7339140561088917,
                    -2.7318031007685346,
                    -2.7496403532294345,
                    -2.7456673175666024,
                    -2.7653758284166745,
                    -2.773893287755092,
                    -2.8115952916433278,
                    -2.8430434035727705
                ],
                "15": [
                    -0.18591263990608278,
                    -0.16025995682760907,
                    -0.1773317611940047,
                    -0.20992599754247412,
                    -0.21535827910909536,
                    -0.20640897038823325,
                    -0.20510808615561027,
                    -0.20207034618203387,
                    -0.1812613477823702,
                    -0.1601805692187209,
                    -0.11696412139062548,
                    -0.11755058384432099,
                    -0.08476006626859965,
                    -0.050589003376996095,
                    -0.053119048185850296,
                    -0.00986958499755541,
                    0.02722476050570059,
                    0.1021119550817121,
                    0.1156466419327535,
                    0.1581963459039793,
                    0.19756059372061396,
                    0.1964473529271812,
                    0.21674486087146083,
                    0.24789197756996023,
                    0.3514478373102557,
                    0.31908439999075183,
                    0.2343581444925651,
                    0.16852591312613932,
                    0.03903488128721997,
                    -0.007335062045875015,
                    -0.09310158153482317,
                    -0.15397455528518417,
                    -0.22339733172092102,
                    -0.2561545587945452,
                    -0.2655905451741971,
                    -0.2569097215846547,
                    -0.25887927066485134,
                    -0.27822935666605614,
                    -0.25921947278245616,
                    -0.25738970245640674,
                    -0.2155518722833829,
                    -0.22380540884340283,
                    -0.18446678757636895,
                    -0.22256967821215942,
                    -0.18400436242521792,
                    -0.22728732455644163,
                    -0.3149103006342278,
                    -0.4215986825630468,
                    -0.3784048864170035,
                    -0.4187478256365069
                ],