{
    "name": "wdy",
    "experiments": {
        "2": {
            "9": {
                "0_1": [
                    -0.8113446178491804,
                    -0.7450216667393583,
                    -0.7674327980666396,
                    -0.7225555203727468,
                    -0.8910960943932178,
                    -0.8553437893479034,
                    -0.9846991945740411,
                    -0.9585244155706713,
                    -0.9282848202374977,
                    -0.7846681934677849,
                    -0.7958423295890729,
                    -0.7962714042071672,
                    -0.8277118855346466,
                    -0.9545143474759333,
                    -0.8417912532915701,
                    -0.7005271998041036,
                    -0.724727467167958
                ],
                "5": [
                    1.1085411963969505,
                    1.1233654816602283,
                    1.1094690349070144,
                    1.1193703546043,
                    1.087414887685572,
                    1.0696049559813523,
                    1.0875044271967227,
                    1.0948850869251563,
                    1.130128863042422,
                    1.1225538630877605,
                    1.1203928552673919,
                    1.0794565433637435,
                    1.0709004507678332,
                    1.0116823904987053,
                    0.9921649115019824
                ],
                "10": [
                    1.6737724339442979,
                    1.665774709313036,
                    1.6689173433831823,
                    1.6521587272026157,
                    1.6797935658627814,
                    1.6936748581337746,
                    1.7150479074289195,
                    1.727969558121526,
                    1.6508419947966841,
                    1.6077543867478934,
                    1.5269506875457037,
                    1.4842256131314526,
                    1.5023060843598284,
                    1.5034106540146663,
                    1.53359560783448,
                    1.562016985466255,
                    1.555681558124245,
                    1.6057010611286582,
                    1.585769608635209,
                    1.6060393689359855,
                    1.5860046098313398,
                    1.556554114790714,
                    1.5684270112806062,
                    1.5321009703450106,
                    1.55275898421142,
                    1.5350169275120773,
                    1.5352872535928217,
                    1.5467261129053005,
                    1.544524123949912,
                    1.5273946498417545,
                    1.5622534807662667,
                    1.5810115281046488,
                    1.5237274785876924,
                    1.547158549257127,
                    1.5704756411447869,
                    1.5777367725627451
                ],
                "15": [
                    3.458384537409328,
                    3.5178667339002647,
                    3.7066096201034586,
                    3.4110846236333434,
                    3.7644207681252695,
                    3.478896235817111,
                    3.3057364262053013,
                    3.25446411709672,
                    3.2070918460042153,
                    3.2499506427158105,
                    3.4038486785379494,
                    3.5663589425732396,
                    3.532680773879788,
                    3.627981763038741,
                    3.5775995129563767,
                    3.430440739410925,
                    3.618693986427993,
                    3.732458897904195,
                    3.861749683137482,
                    3.892906017923318,
                    3.9444304037009554,
                    3.774192634393442,
                    3.7613228504498455,
                    3.7207126800790653,
                    3.6790822502010148,
                    3.78314445107439,
                    3.831289600760164,
                    3.8979940819681547,
                    3.866089841468202,
                    3.9329795915574293,
                    4.007887556845429,
                    3.8112096983739723,
                    3.5819599484111952,
                    3.522175089162662,
                    3.3792774998856516,
                    3.11990682912653,
                    3.05238443276543,
                    3.1432001220738006,
                    3.2347982949289604,
                    3.3568678626622517,
                    3.37119098279518,
                    3.578213589651443
                ],
                "25": [
                    9.168664088038465,
                    9.070108727183413,
                    9.008072680273125,
                    9.031190309292679,
                    8.962097823196123,
                    8.814973840926756,
                    8.64687690903722,
                    8.680810996381135,
                    8.74074505257435,
                    8.865172316231765,
                    8.86445600014256,
                    8.784113338709346,
                    8.826119002104925,
                    8.78313747543168,
                    8.748342784252344,
                    8.750975822177383,
                    8.668827429482347,
                    8.52986893836573,
                    8.637972903680462,
                    8.719387051039721,
                    8.822250553713758,
                    8.769500148980104,
                    8.760488568143918,
                    8.713431126083469,
                    8.699253360913815,
                    8.676589939474066,
                    8.676984382898635,
                    8.531712235667987,
                    8.267659683676234,
                    8.395670235326966,
                    8.615102015244673,
                    8.688766459216907,
                    8.963503134617854,
                    8.95145724224289,
                    8.866324056880558,
                    8.557906011134987,
                    8.615604887922315,
                    8.53767925968164,
                    8.642118828506659,
                    8.89183139833597,
                    8.871406571396694,
                    8.958915808816544,
                    8.88300081751279,
                    8.973356536269243,
                    8.762646907921642,
                    8.61250398203913,
                    8.473526707902295,
                    8.530399985573698,
                    8.708480092708855,
                    8.700737219511,
                    8.564999162588045,
                    8.719896753906532,
                    8.771719106686712,
                    8.693762742594771,
                    8.567207021237252,
                    8.507065498047996,
                    8.598485872541325,
                    8.782505682933454,
                    8.93744937802884,
                    9.00541829800693,
                    9.01932114806249
                ],