{
    "original": {
        "dx": {
            "1": {
                "1": 4.447641863170737,
                "4": 4.3399500241218885
            }
        },
        "jyh": {
            "1": {
                "1": 3.0323529413780803,
                "2": 3.0378661105911027,
                "3": 2.732311572406607
            }
        },
        "km": {
            "1": {
                "1": 6.138920841847922,
                "2": 4.063590486369254,
                "3": 4.625238075895897
            }
        },
        "lzh": {
            "1": {
                "1": 3.235099614964394,
                "2": 5.200121151180717,
                "3": 3.73655374979039
            }
        },
        "sl": {
            "1": {
                "1": 5.15818870129482,
                "2": 4.7478681624460215,
                "3": 4.193527381143563,
                "4": 5.624463489336324,
                "5": 5.856439170635694,
                "6": 5.146844270898647
            }
        },
        "wdy": {
            "1": {
                "2": 4.537046614852509,
                "3": 4.4095679721523595
            }
        },
        "wf": {
            "1": {
                "2": 5.601558878771733,
                "3": 5.340688674005726
            }
        },
        "zjc": {
            "1": {
                "2": 5.482043155324158,
                "3": 5.217708314420696,
                "4": 5.4432628996523835
            }
        }
    },
    "calibrated": {
        "dx": {
            "1": {
                "1": 1.1637690029167234,
                "4": 1.4722547652619544
            }
        },
        "jyh": {
            "1": {
                "1": 2.609756652711733,
                "2": 2.7852178534027283,
                "3": 3.2242002522250446
            }
        },
        "km": {
            "1": {
                "1": 2.749321590665728,
                "2": 1.9526572255539683,
                "3": 2.7940729178111865
            }
        },
        "lzh": {
            "1": {
                "1": 2.8187293213699314,
                "2": 2.809913287335413,
                "3": 2.15420456898618
            }
        },
        "sl": {
            "1": {
                "1": 1.8367158735201214,
                "2": 1.8486825405289218,
                "3": 2.2722492355769264,
                "4": 1.9731160730447228,
                "5": 2.7899167591590346,
                "6": 2.0315846953356087
            }
        },
        "wdy": {
            "1": {
                "2": 1.0533106194383817,
                "3": 2.0303545238964364
            }
        },
        "wf": {
            "1": {
                "2": 1.9951333848706727,
                "3": 1.4165693026281585
            }
        },
        "zjc": {
            "1": {
                "2": 1.9686560981854977,
                "3": 1.8224735417002833,
                "4": 1.9112679982550524
            }
        }
    }
}