{
    "original": {
        "ds": {
            "1": {
                "2": 4.260964210377908,
                "3": 4.75123009137735
            }
        },
        "dx": {
            "1": {
                "1": 4.443546221629772,
                "4": 4.33606528187672
            }
        },
        "dyl": {
            "1": {
                "1": 5.162885143413866,
                "2": 4.74648918031531,
                "3": 4.682648693623882
            }
        },
        "jyh": {
            "1": {
                "1": 3.0356333023444835,
                "2": 3.028071530397412,
                "3": 2.7259197779254243
            }
        },
        "km": {
            "1": {
                "1": 6.14112000541035,
                "2": 4.065529207890927,
                "3": 4.623824615084943
            }
        },
        "lry": {
            "1": {
                "1": 4.352160980061252,
                "2": 4.7133381146414015,
                "3": 4.821040488865205
            }
        },
        "lzh": {
            "1": {
                "1": 3.226435596368453,
                "2": 4.328748323943958,
                "3": 3.749248906521481
            }
        },
        "sl": {
            "1": {
                "1": 5.16507036935389,
                "2": 4.751774270765061,
                "3": 3.794415711089216
            }
        },
        "wdy": {
            "1": {
                "2": 4.540177561101434,
                "3": 4.4156069439321195
            },
            "2": {
                "1": 5.276441477203965,
                "2": 5.537156291813629,
                "3": 5.365524569072514,
                "4": 5.582059688053679,
                "5": 5.086743992964183,
                "7": 5.259195782226842,
                "8": 5.334057363543151,
                "9": 5.182674930543023
            }
        },
        "wf": {
            "1": {
                "2": 5.605561635914902,
                "3": 5.327558136958857
            }
        },
        "wzr": {
            "1": {
                "1": 4.714687378285349,
                "2": 4.880653992893274,
                "3": 4.744759517904891
            }
        },
        "zjc": {
            "1": {
                "2": 5.489471666948261,
                "3": 5.220794353399807,
                "4": 5.442562700740096
            }
        }
    },
    "calibrated": {
        "ds": {
            "1": {
                "2": 1.0914873676694579,
                "3": 1.2246327813589333
            }
        },
        "dx": {
            "1": {
                "1": 0.9534391932172304,
                "4": 1.2812904937128693
            }
        },
        "dyl": {
            "1": {
                "1": 1.9870168523637637,
                "2": 0.6213704539334604,
                "3": 0.9772571605249099
            }
        },
        "jyh": {
            "1": {
                "1": 2.942606288911865,
                "2": 2.8489241348545518,
                "3": 3.296944697367226
            }
        },
        "km": {
            "1": {
                "1": 2.753773495733569,
                "2": 1.7943251966008724,
                "3": 2.611856415636905
            }
        },
        "lry": {
            "1": {
                "1": 0.6910996998181786,
                "2": 1.3190212546853683,
                "3": 0.7012064932308338
            }
        },
        "lzh": {
            "1": {
                "1": 3.0253677516022495,
                "2": 1.3390100222918977,
                "3": 2.1410145807467234
            }
        },
        "sl": {
            "1": {
                "1": 2.123159938422393,
                "2": 1.8598037442960962,
                "3": 2.5772707593743975
            }
        },
        "wdy": {
            "1": {
                "2": 0.9426909816162127,
                "3": 2.2851001860776274
            },
            "2": {
                "1": 1.7199894474464625,
                "2": 1.4166111364072314,
                "3": 1.3208142373907463,
                "4": 2.4361915479665575,
                "5": 3.554661270963389,
                "7": 1.9868610930227828,
                "8": 2.538238506214188,
                "9": 3.4069058656319826
            }
        },
        "wf": {
            "1": {
                "2": 1.7581875367990931,
                "3": 1.4570255159529066
            }
        },
        "wzr": {
            "1": {
                "1": 1.0981296881114464,
                "2": 1.5726148159921411,
                "3": 1.4850076425759107
            }
        },
        "zjc": {
            "1": {
                "2": 2.0474303773280895,
                "3": 1.9090504491388747,
                "4": 1.9015248324921263
            }
        }
    }
}